<?xml version="1.0" encoding="utf-8"?>
<!--/12165291/1179822/2.50/6/0/Connector/-->
<quadcept_library>
  <setting unit="mil" />
  <textstyle name="Default" height="47.244094488189" strokewidth="7.8740157480315" charwidth="47.244094488189" />
  <textstyle name="Dimension" height="19.6850393700787" strokewidth="0" charwidth="19.6850393700787" />
  <textstyle name="H127W0635TH00762" height="50" strokewidth="3" charwidth="25" />
  <textstyle name="H15W15TH02" height="59.0551181102362" strokewidth="7.8740157480315" charwidth="59.0551181102362" />
  <padstyle name="r340_100" surface="True" plated="False" isvia="False" nopaste="False" nomask="True" complex="False" holesize="0">
    <padshape layer="TOP" shape="rectangle" width="39.370078740157" height="133.85826771653" />
    <padshape layer="TOP_SOLDER_MASK" shape="rectangle" width="47.244094488188" height="141.73228346457" />
    <padshape layer="TOP_SOLDER_PASTE" shape="rectangle" width="39.370078740157" height="133.85826771653" />
  </padstyle>
  <padstyle name="r360_150" surface="True" plated="False" isvia="False" nopaste="False" nomask="True" complex="False" holesize="0">
    <padshape layer="TOP" shape="rectangle" width="59.055118110235" height="141.73228346457" />
    <padshape layer="TOP_SOLDER_MASK" shape="rectangle" width="66.929133858267" height="149.6062992126" />
    <padshape layer="TOP_SOLDER_PASTE" shape="rectangle" width="59.055118110235" height="141.73228346457" />
  </padstyle>
  <footprint name="114020164" originx="0" originy="0" pickpointx="0" pickpointy="0">
    <pcbpin number="1" name="1" style="r340_100" originx="-118.11023622047" originy="149.6062992126" rotation="0" />
    <pcbpin number="2" name="2" style="r340_100" originx="-39.370078740157" originy="149.6062992126" rotation="0" />
    <pcbpin number="3" name="3" style="r340_100" originx="39.370078740157" originy="149.6062992126" rotation="0" />
    <pcbpin number="4" name="4" style="r340_100" originx="118.11023622047" originy="149.6062992126" rotation="0" />
    <pcbpin number="5" name="MP1" style="r360_150" originx="-208.66141732283" originy="-145.66929133858" rotation="0" />
    <pcbpin number="6" name="MP2" style="r360_150" originx="208.66141732283" originy="-145.66929133858" rotation="0" />
    <line layer="TOP_ASSEMBLY" originx="-236.22047244094" originy="149.6062992126" endx="236.22047244094" endy="149.6062992126" width="7.8740157480314" />
    <line layer="TOP_ASSEMBLY" originx="236.22047244094" originy="149.6062992126" endx="236.22047244094" endy="-214.56692913386" width="7.8740157480314" />
    <line layer="TOP_ASSEMBLY" originx="236.22047244094" originy="-214.56692913386" endx="-236.22047244094" endy="-214.56692913386" width="7.8740157480314" />
    <line layer="TOP_ASSEMBLY" originx="-236.22047244094" originy="-214.56692913386" endx="-236.22047244094" endy="149.6062992126" width="7.8740157480314" />
    <line layer="TOP_PLACE_BOUND" originx="-277.55905511811" originy="255.90551181102" endx="277.55905511811" endy="255.90551181102" width="3.9370078740157" />
    <line layer="TOP_PLACE_BOUND" originx="277.55905511811" originy="255.90551181102" endx="277.55905511811" endy="-255.90551181102" width="3.9370078740157" />
    <line layer="TOP_PLACE_BOUND" originx="277.55905511811" originy="-255.90551181102" endx="-277.55905511811" endy="-255.90551181102" width="3.9370078740157" />
    <line layer="TOP_PLACE_BOUND" originx="-277.55905511811" originy="-255.90551181102" endx="-277.55905511811" endy="255.90551181102" width="3.9370078740157" />
    <line layer="TOP_SILKSCREEN" originx="-165.35433070866" originy="-214.56692913386" endx="165.35433070866" endy="-214.56692913386" width="3.9370078740157" />
    <line layer="TOP_SILKSCREEN" originx="-236.22047244094" originy="-56.102362204724" endx="-236.22047244094" endy="149.6062992126" width="3.9370078740157" />
    <line layer="TOP_SILKSCREEN" originx="-236.22047244094" originy="149.6062992126" endx="-149.6062992126" endy="149.6062992126" width="3.9370078740157" />
    <line layer="TOP_SILKSCREEN" originx="236.22047244094" originy="-56.102362204724" endx="236.22047244094" endy="149.6062992126" width="3.9370078740157" />
    <line layer="TOP_SILKSCREEN" originx="236.22047244094" originy="149.6062992126" endx="149.6062992126" endy="149.6062992126" width="3.9370078740157" />
  </footprint>
  <symbol name="114020164" originx="0" originy="0">
    <line originx="200" originy="100" endx="700" endy="100" width="0" />
    <line originx="700" originy="-400" endx="700" endy="100" width="0" />
    <line originx="700" originy="-400" endx="200" endy="-400" width="0" />
    <line originx="200" originy="100" endx="200" endy="-400" width="0" />
    <sympin number="1" originx="700" originy="0" rotation="0" length="100" width="7.8740157480315" flipped="False">
      <text name="pinname" originx="670" originy="0" style="Default" rotation="0" justify="right" flipped="False" hidden="False" data="1" />
      <text name="pindes" originx="760" originy="20" style="Default" rotation="0" justify="lowerleft" flipped="False" hidden="False" data="1" />
    </sympin>
    <sympin number="2" originx="700" originy="-100" rotation="0" length="100" width="7.8740157480315" flipped="False">
      <text name="pinname" originx="670" originy="-100" style="Default" rotation="0" justify="right" flipped="False" hidden="False" data="2" />
      <text name="pindes" originx="760" originy="-80" style="Default" rotation="0" justify="lowerleft" flipped="False" hidden="False" data="2" />
    </sympin>
    <sympin number="3" originx="700" originy="-200" rotation="0" length="100" width="7.8740157480315" flipped="False">
      <text name="pinname" originx="670" originy="-200" style="Default" rotation="0" justify="right" flipped="False" hidden="False" data="3" />
      <text name="pindes" originx="760" originy="-180" style="Default" rotation="0" justify="lowerleft" flipped="False" hidden="False" data="3" />
    </sympin>
    <sympin number="4" originx="700" originy="-300" rotation="0" length="100" width="7.8740157480315" flipped="False">
      <text name="pinname" originx="670" originy="-300" style="Default" rotation="0" justify="right" flipped="False" hidden="False" data="4" />
      <text name="pindes" originx="760" originy="-280" style="Default" rotation="0" justify="lowerleft" flipped="False" hidden="False" data="4" />
    </sympin>
    <sympin number="5" originx="200" originy="0" rotation="180" length="100" width="7.8740157480315" flipped="False">
      <text name="pinname" originx="230" originy="0" style="Default" rotation="0" justify="left" flipped="False" hidden="False" data="MP1" />
      <text name="pindes" originx="140" originy="20" style="Default" rotation="0" justify="lowerright" flipped="False" hidden="False" data="MP1" />
    </sympin>
    <sympin number="6" originx="200" originy="-100" rotation="180" length="100" width="7.8740157480315" flipped="False">
      <text name="pinname" originx="230" originy="-100" style="Default" rotation="0" justify="left" flipped="False" hidden="False" data="MP2" />
      <text name="pindes" originx="140" originy="-80" style="Default" rotation="0" justify="lowerright" flipped="False" hidden="False" data="MP2" />
    </sympin>
  </symbol>
  <component name="114020164" designatorprefix="J" height="214.56692913386" footprint="114020164">
    <comppin designator="1" sympin="1" pinswap="0" gateswap="0" gate="1" group="1" side="" type="Any" name="1" />
    <comppin designator="2" sympin="2" pinswap="0" gateswap="0" gate="1" group="1" side="" type="Any" name="2" />
    <comppin designator="3" sympin="3" pinswap="0" gateswap="0" gate="1" group="1" side="" type="Any" name="3" />
    <comppin designator="4" sympin="4" pinswap="0" gateswap="0" gate="1" group="1" side="" type="Any" name="4" />
    <comppin designator="MP1" sympin="5" pinswap="0" gateswap="0" gate="1" group="1" side="" type="Any" name="MP1" />
    <comppin designator="MP2" sympin="6" pinswap="0" gateswap="0" gate="1" group="1" side="" type="Any" name="MP2" />
    <attached_symbol gate="1" name="114020164" />
    <pinmap designator="1" footprintpin="1" />
    <pinmap designator="2" footprintpin="2" />
    <pinmap designator="3" footprintpin="3" />
    <pinmap designator="4" footprintpin="4" />
    <pinmap designator="MP1" footprintpin="5" />
    <pinmap designator="MP2" footprintpin="6" />
    <text name="Datasheet" originx="0" originy="0" style="Default" rotation="0" justify="" flipped="False" hidden="True" data="https://files.seeedstudio.com/products/114020164/res/Grove Female Header - SMD-4P-2.0mm-90D Datasheet.pdf" />
    <text name="Description" originx="0" originy="0" style="Default" rotation="0" justify="" flipped="False" hidden="True" data="Seeed Studio Accessories Grove Female Header - SMD-4P-2.0mm-90D-20Pcs" />
    <text name="Mouser Part Number" originx="0" originy="0" style="Default" rotation="0" justify="" flipped="False" hidden="True" data="713-114020164" />
    <text name="Mouser Price/Stock" originx="0" originy="0" style="Default" rotation="0" justify="" flipped="False" hidden="True" data="https://www.mouser.co.uk/ProductDetail/Seeed-Studio/114020164?qs=7MVldsJ5Uayw%2FOfizq4F8w%3D%3D" />
    <text name="Manufacturer_Name" originx="0" originy="0" style="Default" rotation="0" justify="" flipped="False" hidden="True" data="Seeed Studio" />
    <text name="Manufacturer_Part_Number" originx="750" originy="200" style="Default" rotation="0" justify="left" flipped="False" hidden="False" data="114020164" />
  </component>
</quadcept_library>
