Designator,Footprint,Quantity,Value,LCSC Part #
"C1, C2, C20",0603,3,10u,
"D1, D2",D_SMA,2,General Purpose Diode,C95872
D3,0603,1,Power_LED_1,C2286
D4,0603,1,Power_LED_2,C2286
D5,0603,1,W,C2290
D6,0603,1,FAN_1,C2286
D7,0603,1,FAN_2,C2286
D8,0603,1,R,C2286
D9,0603,1,G,C2297
"FanQ1, FanQ2, PowerQ1, PowerQ2",SOT-23,4,NMOS,C143946
"H1, H2, H3, H4, H5",MountingHole_3.2mm_M3,5,MountingHole,
"PowerR1, PowerR10, PowerR11, PowerR12, PowerR13, PowerR14, PowerR15, PowerR16, PowerR17, PowerR18, PowerR19, PowerR2, PowerR20, PowerR21, PowerR22, PowerR23, PowerR24, PowerR3, PowerR4, PowerR5, PowerR6, PowerR7, PowerR8, PowerR9",1206,24,120,C17909
"R1, R10, R11, R19, R2, R20, R22, R3, R9",0402,9,470R,
R15,0402,1,4k7,
"R4, R5, R6, R7, R8",0402,5,10k,
TP10,TestPoint_Pad_D3.0mm,1,FAN_SILICAGEL_GND,
TP11,TestPoint_Pad_D3.0mm,1,HT_AMBIENT_SCL,
TP2,TestPoint_Pad_D3.0mm,1,HT_AMBIENT_GND,
TP3,TestPoint_Pad_D3.0mm,1,HT_AMBIENT_3V3,
TP6,TestPoint_Pad_D3.0mm,1,HT_AMBIENT_SDA,
TP7,TestPoint_Pad_D3.0mm,1,FAN_AMBIENT_5V,
TP8,TestPoint_Pad_D3.0mm,1,FAN_AMBIENT_GND,
TP9,TestPoint_Pad_D3.0mm,1,FAN_SILICAGEL_5V,
U1,SON50P250X250X90-9T110X180N,1,H/T Filament,C80862
U2,SON50P250X250X90-9T110X180N,1,H/T Silicagel,C80862
U3,SON50P250X250X90-9T110X180N,1,H/T Ambient,C80862
U4,SOIC-8_3.9x4.9mm_P1.27mm,1,DS18B20Z,C695837
USER_BUTTON1,SW_TS-1187A-B-A-B,1,USER,C318884
